{
    "+traits": [
        "FirstThreadOnMacOS"
    ],
    "assetIndex": {
        "id": "1.16",
        "sha1": "1e185d112e2ee017330fb83700b5eaa93fb5cdfd",
        "size": 295515,
        "totalSize": 329392786,
        "url": "https://launchermeta.mojang.com/v1/packages/1e185d112e2ee017330fb83700b5eaa93fb5cdfd/1.16.json"
    },
    "formatVersion": 1,
    "libraries": [
        {
            "downloads": {
                "artifact": {
                    "sha1": "aef610b34a1be37fa851825f12372b78424d8903",
                    "size": 15817,
                    "url": "https://libraries.minecraft.net/com/mojang/patchy/1.1/patchy-1.1.jar"
                }
            },
            "name": "com.mojang:patchy:1.1"
        },
        {
            "downloads": {
                "artifact": {
                    "sha1": "9ddf7b048a8d701be231c0f4f95fd986198fd2d8",
                    "size": 30973,
                    "url": "https://libraries.minecraft.net/oshi-project/oshi-core/1.1/oshi-core-1.1.jar"
                }
            },
            "name": "oshi-project:oshi-core:1.1"
        },
        {
            "downloads": {
                "artifact": {
                    "sha1": "cb208278274bf12ebdb56c61bd7407e6f774d65a",
                    "size": 1091208,
                    "url": "https://libraries.minecraft.net/net/java/dev/jna/jna/4.4.0/jna-4.4.0.jar"
                }
            },
            "name": "net.java.dev.jna:jna:4.4.0"
        },
        {
            "downloads": {
                "artifact": {
                    "sha1": "e3f70017be8100d3d6923f50b3d2ee17714e9c13",
                    "size": 913436,
                    "url": "https://libraries.minecraft.net/net/java/dev/jna/platform/3.4.0/platform-3.4.0.jar"
                }
            },
            "name": "net.java.dev.jna:platform:3.4.0"
        },
        {
            "downloads": {
                "artifact": {
                    "sha1": "72c7519b6d91f7a1f993bd44a99fe95d67211b27",
                    "size": 12935630,
                    "url": "https://libraries.minecraft.net/com/ibm/icu/icu4j/66.1/icu4j-66.1.jar"
                }
            },
            "name": "com.ibm.icu:icu4j:66.1"
        },
        {
            "downloads": {
                "artifact": {
                    "sha1": "6aa6453aa99a52a5cd91749da1af6ab70e082ab3",
                    "size": 5111,
                    "url": "https://libraries.minecraft.net/com/mojang/javabridge/1.0.22/javabridge-1.0.22.jar"
                }
            },
            "name": "com.mojang:javabridge:1.0.22"
        },
        {
            "downloads": {
                "artifact": {
                    "sha1": "cdd846cfc4e0f7eefafc02c0f5dce32b9303aa2a",
                    "size": 78175,
                    "url": "https://libraries.minecraft.net/net/sf/jopt-simple/jopt-simple/5.0.3/jopt-simple-5.0.3.jar"
                }
            },
            "name": "net.sf.jopt-simple:jopt-simple:5.0.3"
        },
        {
            "downloads": {
                "artifact": {
                    "sha1": "d0626cd3108294d1d58c05859add27b4ef21f83b",
                    "size": 3823147,
                    "url": "https://libraries.minecraft.net/io/netty/netty-all/4.1.25.Final/netty-all-4.1.25.Final.jar"
                }
            },
            "name": "io.netty:netty-all:4.1.25.Final"
        },
        {
            "downloads": {
                "artifact": {
                    "sha1": "3a3d111be1be1b745edfa7d91678a12d7ed38709",
                    "size": 2521113,
                    "url": "https://libraries.minecraft.net/com/google/guava/guava/21.0/guava-21.0.jar"
                }
            },
            "name": "com.google.guava:guava:21.0"
        },
        {
            "downloads": {
                "artifact": {
                    "sha1": "6c6c702c89bfff3cd9e80b04d668c5e190d588c6",
                    "size": 479881,
                    "url": "https://libraries.minecraft.net/org/apache/commons/commons-lang3/3.5/commons-lang3-3.5.jar"
                }
            },
            "name": "org.apache.commons:commons-lang3:3.5"
        },
        {
            "downloads": {
                "artifact": {
                    "sha1": "2852e6e05fbb95076fc091f6d1780f1f8fe35e0f",
                    "size": 208700,
                    "url": "https://libraries.minecraft.net/commons-io/commons-io/2.5/commons-io-2.5.jar"
                }
            },
            "name": "commons-io:commons-io:2.5"
        },
        {
            "downloads": {
                "artifact": {
                    "sha1": "4b95f4897fa13f2cd904aee711aeafc0c5295cd8",
                    "size": 284184,
                    "url": "https://libraries.minecraft.net/commons-codec/commons-codec/1.10/commons-codec-1.10.jar"
                }
            },
            "name": "commons-codec:commons-codec:1.10"
        },
        {
            "downloads": {
                "artifact": {
                    "sha1": "39c7796b469a600f72380316f6b1f11db6c2c7c4",
                    "size": 208338,
                    "url": "https://libraries.minecraft.net/net/java/jinput/jinput/2.0.5/jinput-2.0.5.jar"
                }
            },
            "name": "net.java.jinput:jinput:2.0.5"
        },
        {
            "downloads": {
                "artifact": {
                    "sha1": "e12fe1fda814bd348c1579329c86943d2cd3c6a6",
                    "size": 7508,
                    "url": "https://libraries.minecraft.net/net/java/jutils/jutils/1.0.0/jutils-1.0.0.jar"
                }
            },
            "name": "net.java.jutils:jutils:1.0.0"
        },
        {
            "downloads": {
                "artifact": {
                    "sha1": "c6b7dc51dd44379cc751b7504816006e9be4b1e6",
                    "size": 77392,
                    "url": "https://libraries.minecraft.net/com/mojang/brigadier/1.0.17/brigadier-1.0.17.jar"
                }
            },
            "name": "com.mojang:brigadier:1.0.17"
        },
        {
            "downloads": {
                "artifact": {
                    "sha1": "ebd6690f33871ccee9b6132c6480668ee2e35020",
                    "size": 673183,
                    "url": "https://libraries.minecraft.net/com/mojang/datafixerupper/4.0.26/datafixerupper-4.0.26.jar"
                }
            },
            "name": "com.mojang:datafixerupper:4.0.26"
        },
        {
            "downloads": {
                "artifact": {
                    "sha1": "c4ba5371a29ac9b2ad6129b1d39ea38750043eff",
                    "size": 231952,
                    "url": "https://libraries.minecraft.net/com/google/code/gson/gson/2.8.0/gson-2.8.0.jar"
                }
            },
            "name": "com.google.code.gson:gson:2.8.0"
        },
        {
            "downloads": {
                "artifact": {
                    "sha1": "5bd0ce00c1e1f483641f85bccb02d1956dd77ec0",
                    "size": 70197,
                    "url": "https://libraries.minecraft.net/com/mojang/authlib/1.6.25/authlib-1.6.25.jar"
                }
            },
            "name": "com.mojang:authlib:1.6.25"
        },
        {
            "downloads": {
                "artifact": {
                    "sha1": "a698750c16740fd5b3871425f4cb3bbaa87f529d",
                    "size": 365552,
                    "url": "https://libraries.minecraft.net/org/apache/commons/commons-compress/1.8.1/commons-compress-1.8.1.jar"
                }
            },
            "name": "org.apache.commons:commons-compress:1.8.1"
        },
        {
            "downloads": {
                "artifact": {
                    "sha1": "18f4247ff4572a074444572cee34647c43e7c9c7",
                    "size": 589512,
                    "url": "https://libraries.minecraft.net/org/apache/httpcomponents/httpclient/4.3.3/httpclient-4.3.3.jar"
                }
            },
            "name": "org.apache.httpcomponents:httpclient:4.3.3"
        },
        {
            "downloads": {
                "artifact": {
                    "sha1": "f6f66e966c70a83ffbdb6f17a0919eaf7c8aca7f",
                    "size": 62050,
                    "url": "https://libraries.minecraft.net/commons-logging/commons-logging/1.1.3/commons-logging-1.1.3.jar"
                }
            },
            "name": "commons-logging:commons-logging:1.1.3"
        },
        {
            "downloads": {
                "artifact": {
                    "sha1": "31fbbff1ddbf98f3aa7377c94d33b0447c646b6e",
                    "size": 282269,
                    "url": "https://libraries.minecraft.net/org/apache/httpcomponents/httpcore/4.3.2/httpcore-4.3.2.jar"
                }
            },
            "name": "org.apache.httpcomponents:httpcore:4.3.2"
        },
        {
            "downloads": {
                "artifact": {
                    "sha1": "5ad88f325e424f8dbc2be5459e21ea5cab3864e9",
                    "size": 18800417,
                    "url": "https://libraries.minecraft.net/it/unimi/dsi/fastutil/8.2.1/fastutil-8.2.1.jar"
                }
            },
            "name": "it.unimi.dsi:fastutil:8.2.1"
        },
        {
            "downloads": {
                "artifact": {
                    "sha1": "e801d13612e22cad62a3f4f3fe7fdbe6334a8e72",
                    "size": 228859,
                    "url": "https://libraries.minecraft.net/org/apache/logging/log4j/log4j-api/2.8.1/log4j-api-2.8.1.jar"
                }
            },
            "name": "org.apache.logging.log4j:log4j-api:2.8.1"
        },
        {
            "downloads": {
                "artifact": {
                    "sha1": "4ac28ff2f1ddf05dae3043a190451e8c46b73c31",
                    "size": 1402925,
                    "url": "https://libraries.minecraft.net/org/apache/logging/log4j/log4j-core/2.8.1/log4j-core-2.8.1.jar"
                }
            },
            "name": "org.apache.logging.log4j:log4j-core:2.8.1"
        },
        {
            "downloads": {
                "artifact": {
                    "sha1": "f378f889797edd7df8d32272c06ca80a1b6b0f58",
                    "size": 13164,
                    "url": "https://libraries.minecraft.net/com/mojang/text2speech/1.11.3/text2speech-1.11.3.jar"
                }
            },
            "name": "com.mojang:text2speech:1.11.3"
        },
        {
            "downloads": {
                "artifact": {
                    "sha1": "f378f889797edd7df8d32272c06ca80a1b6b0f58",
                    "size": 13164,
                    "url": "https://libraries.minecraft.net/com/mojang/text2speech/1.11.3/text2speech-1.11.3.jar"
                },
                "classifiers": {
                    "natives-linux": {
                        "sha1": "ac641755a2a841d1fca9e660194f42523ee5cfe0",
                        "size": 7833,
                        "url": "https://libraries.minecraft.net/com/mojang/text2speech/1.11.3/text2speech-1.11.3-natives-linux.jar"
                    },
                    "natives-windows": {
                        "sha1": "c0b242c0091be5acbf303263c7eeeaedd70544c7",
                        "size": 81379,
                        "url": "https://libraries.minecraft.net/com/mojang/text2speech/1.11.3/text2speech-1.11.3-natives-windows.jar"
                    },
                    "sources": {
                        "sha1": "772a37dd77417571e6f119a8d306f0c14c2ee410",
                        "size": 5332,
                        "url": "https://libraries.minecraft.net/com/mojang/text2speech/1.11.3/text2speech-1.11.3-sources.jar"
                    }
                }
            },
            "extract": {
                "exclude": [
                    "META-INF/"
                ]
            },
            "name": "com.mojang:text2speech:1.11.3",
            "natives": {
                "linux": "natives-linux",
                "windows": "natives-windows"
            }
        },
        {
            "downloads": {
                "artifact": {
                    "sha1": "6ef160c3133a78de015830860197602ca1c855d3",
                    "size": 40502,
                    "url": "https://libraries.minecraft.net/ca/weblite/java-objc-bridge/1.0.0/java-objc-bridge-1.0.0.jar"
                },
                "classifiers": {
                    "javadoc": {
                        "sha1": "fb0092f22cb4fe8e631452f577b7a238778abf2a",
                        "size": 174060,
                        "url": "https://libraries.minecraft.net/ca/weblite/java-objc-bridge/1.0.0/java-objc-bridge-1.0.0-javadoc.jar"
                    },
                    "natives-osx": {
                        "sha1": "08befab4894d55875f33c3d300f4f71e6e828f64",
                        "size": 5629,
                        "url": "https://libraries.minecraft.net/ca/weblite/java-objc-bridge/1.0.0/java-objc-bridge-1.0.0-natives-osx.jar"
                    },
                    "sources": {
                        "sha1": "865837a198189aee737019561ece842827f24278",
                        "size": 43283,
                        "url": "https://libraries.minecraft.net/ca/weblite/java-objc-bridge/1.0.0/java-objc-bridge-1.0.0-sources.jar"
                    }
                }
            },
            "extract": {
                "exclude": [
                    "META-INF/"
                ]
            },
            "name": "ca.weblite:java-objc-bridge:1.0.0",
            "natives": {
                "osx": "natives-osx"
            },
            "rules": [
                {
                    "action": "allow",
                    "os": {
                        "name": "osx"
                    }
                }
            ]
        },
        {
            "downloads": {
                "artifact": {
                    "sha1": "6ef160c3133a78de015830860197602ca1c855d3",
                    "size": 40502,
                    "url": "https://libraries.minecraft.net/ca/weblite/java-objc-bridge/1.0.0/java-objc-bridge-1.0.0.jar"
                }
            },
            "name": "ca.weblite:java-objc-bridge:1.0.0",
            "rules": [
                {
                    "action": "allow",
                    "os": {
                        "name": "osx"
                    }
                }
            ]
        }
    ],
    "mainClass": "net.minecraft.client.main.Main",
    "mainJar": {
        "downloads": {
            "artifact": {
                "sha1": "1321521b2caf934f7fc9665aab7e059a7b2bfcdf",
                "size": 17505781,
                "url": "https://launcher.mojang.com/v1/objects/1321521b2caf934f7fc9665aab7e059a7b2bfcdf/client.jar"
            }
        },
        "name": "com.mojang:minecraft:1.16.3:client"
    },
    "minecraftArguments": "--username ${auth_player_name} --version ${version_name} --gameDir ${game_directory} --assetsDir ${assets_root} --assetIndex ${assets_index_name} --uuid ${auth_uuid} --accessToken ${auth_access_token} --userType ${user_type} --versionType ${version_type}",
    "name": "Minecraft",
    "releaseTime": "2020-09-10T13:42:37+00:00",
    "requires": [
        {
            "equals": "3.2.4",
            "suggests": "3.2.4",
            "uid": "org.lwjgl3"
        }
    ],
    "type": "release",
    "uid": "net.minecraft",
    "version": "1.16.3"
}
