{
    "formatVersion": 1,
    "libraries": [
        {
            "downloads": {
                "artifact": {
                    "sha1": "fbbee22e8e0d692b544ee4c34eb5a9104f3fb4a4",
                    "size": 111513,
                    "url": "https://github.com/EMue/lwjgl3-release/raw/3.2.4-preview-ppc64le_64kpages/lwjgl-glfw/lwjgl-glfw.jar"
                }
            },
            "name": "org.lwjgl:lwjgl-glfw:3.2.4"
        },
        {
            "downloads": {
                "artifact": {
                    "sha1": "fbbee22e8e0d692b544ee4c34eb5a9104f3fb4a4",
                    "size": 111513,
                    "url": "https://github.com/EMue/lwjgl3-release/raw/3.2.4-preview-ppc64le_64kpages/lwjgl-glfw/lwjgl-glfw.jar"
                },
                "classifiers": {
                    "natives-linux": {
                        "sha1": "aee0adc599da89458f2137c12310c36f472a034d",
                        "size": 158130,
                        "url": "https://github.com/EMue/lwjgl3-release/raw/3.2.4-preview-ppc64le_64kpages/lwjgl-glfw/lwjgl-glfw-natives-linux-ppc64le.jar"
                    }
                }
            },
            "name": "org.lwjgl:lwjgl-glfw:3.2.4",
            "natives": {
                "linux-ppc64le": "natives-linux",
                "linux": "natives-linux"
            }
        },
        {
            "downloads": {
                "artifact": {
                    "sha1": "05364c18b6facac1162badf64d69551ff82c5e4b",
                    "size": 34188,
                    "url": "https://github.com/EMue/lwjgl3-release/raw/3.2.4-preview-ppc64le_64kpages/lwjgl-jemalloc/lwjgl-jemalloc.jar"
                }
            },
            "name": "org.lwjgl:lwjgl-jemalloc:3.2.4"
        },
        {
            "downloads": {
                "artifact": {
                    "sha1": "05364c18b6facac1162badf64d69551ff82c5e4b",
                    "size": 34188,
                    "url": "https://github.com/EMue/lwjgl3-release/raw/3.2.4-preview-ppc64le_64kpages/lwjgl-jemalloc/lwjgl-jemalloc.jar"
                },
                "classifiers": {
                    "natives-linux": {
                        "sha1": "ee40a8d5a9d02b5000029cbf2a3366701a271be5",
                        "size": 176061,
                        "url": "https://github.com/EMue/lwjgl3-release/raw/3.2.4-preview-ppc64le_64kpages/lwjgl-jemalloc/lwjgl-jemalloc-natives-linux-ppc64le.jar"
                    }
                }
            },
            "name": "org.lwjgl:lwjgl-jemalloc:3.2.4",
            "natives": {
                "linux-ppc64le": "natives-linux",
                "linux": "natives-linux"
            }
        },
        {
            "downloads": {
                "artifact": {
                    "sha1": "c688042ea1ce5c133a21d29389c969bcdb0dc4b8",
                    "size": 84828,
                    "url": "https://github.com/EMue/lwjgl3-release/raw/3.2.4-preview-ppc64le_64kpages/lwjgl-openal/lwjgl-openal.jar"
                }
            },
            "name": "org.lwjgl:lwjgl-openal:3.2.4"
        },
        {
            "downloads": {
                "artifact": {
                    "sha1": "c688042ea1ce5c133a21d29389c969bcdb0dc4b8",
                    "size": 84828,
                    "url": "https://github.com/EMue/lwjgl3-release/raw/3.2.4-preview-ppc64le_64kpages/lwjgl-openal/lwjgl-openal.jar"
                },
                "classifiers": {
                    "natives-linux": {
                        "sha1": "88aa13e4492fa55f2464bc7333d24199acd7ca81",
                        "size": 800966,
                        "url": "https://github.com/EMue/lwjgl3-release/raw/3.2.4-preview-ppc64le_64kpages/lwjgl-openal/lwjgl-openal-natives-linux-ppc64le.jar"
                    }
                }
            },
            "name": "org.lwjgl:lwjgl-openal:3.2.4",
            "natives": {
                "linux-ppc64le": "natives-linux",
                "linux": "natives-linux"
            }
        },
        {
            "downloads": {
                "artifact": {
                    "sha1": "1d5ea80ce8f5e0496eddab079e6c0deaca90098e",
                    "size": 936599,
                    "url": "https://github.com/EMue/lwjgl3-release/raw/3.2.4-preview-ppc64le_64kpages/lwjgl-opengl/lwjgl-opengl.jar"
                }
            },
            "name": "org.lwjgl:lwjgl-opengl:3.2.4"
        },
        {
            "downloads": {
                "artifact": {
                    "sha1": "1d5ea80ce8f5e0496eddab079e6c0deaca90098e",
                    "size": 936599,
                    "url": "https://github.com/EMue/lwjgl3-release/raw/3.2.4-preview-ppc64le_64kpages/lwjgl-opengl/lwjgl-opengl.jar"
                },
                "classifiers": {
                    "natives-linux": {
                        "sha1": "c165e3c3a1fc1ba028177aaf423343d1a4af7fe0",
                        "size": 65347,
                        "url": "https://github.com/EMue/lwjgl3-release/raw/3.2.4-preview-ppc64le_64kpages/lwjgl-opengl/lwjgl-opengl-natives-linux-ppc64le.jar"
                    }
                }
            },
            "name": "org.lwjgl:lwjgl-opengl:3.2.4",
            "natives": {
                "linux-ppc64le": "natives-linux",
                "linux": "natives-linux"
            }
        },
        {
            "downloads": {
                "artifact": {
                    "sha1": "fe0317cd7445b29dc86ce6cca3b3ac7e525c4e9b",
                    "size": 103854,
                    "url": "https://github.com/EMue/lwjgl3-release/raw/3.2.4-preview-ppc64le_64kpages/lwjgl-stb/lwjgl-stb.jar"
                }
            },
            "name": "org.lwjgl:lwjgl-stb:3.2.4"
        },
        {
            "downloads": {
                "artifact": {
                    "sha1": "fe0317cd7445b29dc86ce6cca3b3ac7e525c4e9b",
                    "size": 103854,
                    "url": "https://github.com/EMue/lwjgl3-release/raw/3.2.4-preview-ppc64le_64kpages/lwjgl-stb/lwjgl-stb.jar"
                },
                "classifiers": {
                    "natives-linux": {
                        "sha1": "61726057969863bdd5a6a01354264ca2173749a0",
                        "size": 235278,
                        "url": "https://github.com/EMue/lwjgl3-release/raw/3.2.4-preview-ppc64le_64kpages/lwjgl-stb/lwjgl-stb-natives-linux-ppc64le.jar"
                    }
                }
            },
            "name": "org.lwjgl:lwjgl-stb:3.2.4",
            "natives": {
                "linux-ppc64le": "natives-linux",
                "linux": "natives-linux"
            }
        },
        {
            "downloads": {
                "artifact": {
                    "sha1": "5f9fab5d9f925945a1d7c369569d34ba4f0a4922",
                    "size": 6388,
                    "url": "https://github.com/EMue/lwjgl3-release/raw/3.2.4-preview-ppc64le_64kpages/lwjgl-tinyfd/lwjgl-tinyfd.jar"
                }
            },
            "name": "org.lwjgl:lwjgl-tinyfd:3.2.4"
        },
        {
            "downloads": {
                "artifact": {
                    "sha1": "5f9fab5d9f925945a1d7c369569d34ba4f0a4922",
                    "size": 6388,
                    "url": "https://github.com/EMue/lwjgl3-release/raw/3.2.4-preview-ppc64le_64kpages/lwjgl-tinyfd/lwjgl-tinyfd.jar"
                },
                "classifiers": {
                    "javadoc": {
                        "sha1": "be1e728fdaeb7f88ed6747001d17ce5b6081d0ca",
                        "size": 401116,
                        "url": "https://github.com/EMue/lwjgl3-release/raw/3.2.4-preview-ppc64le_64kpages/lwjgl-tinyfd/lwjgl-tinyfd-javadoc.jar"
                    },
                    "natives-linux": {
                        "sha1": "ec34577b503f5515d2bcf3a097bc895875455851",
                        "size": 43841,
                        "url": "https://github.com/EMue/lwjgl3-release/raw/3.2.4-preview-ppc64le_64kpages/lwjgl-tinyfd/lwjgl-tinyfd-natives-linux-ppc64le.jar"
                    },
                    "sources": {
                        "sha1": "2c47d589e6f8b67c89a924f18060e2c791eb9593",
                        "size": 5038,
                        "url": "https://github.com/EMue/lwjgl3-release/raw/3.2.4-preview-ppc64le_64kpages/lwjgl-tinyfd/lwjgl-tinyfd-sources.jar"
                    }
                }
            },
            "name": "org.lwjgl:lwjgl-tinyfd:3.2.4",
            "natives": {
                "linux-ppc64le": "natives-linux",
                "linux": "natives-linux"
            }
        },
        {
            "downloads": {
                "artifact": {
                    "sha1": "e5fc502357809a35c9e11490d35771cb40f22234",
                    "size": 553164,
                    "url": "https://github.com/EMue/lwjgl3-release/raw/3.2.4-preview-ppc64le_64kpages/lwjgl/lwjgl.jar"
                }
            },
            "name": "org.lwjgl:lwjgl:3.2.4"
        },
        {
            "downloads": {
                "artifact": {
                    "sha1": "e5fc502357809a35c9e11490d35771cb40f22234",
                    "size": 553164,
                    "url": "https://github.com/EMue/lwjgl3-release/raw/3.2.4-preview-ppc64le_64kpages/lwjgl/lwjgl.jar"
                },
                "classifiers": {
                    "natives-linux": {
                        "sha1": "37b56ca4af1f0cb925df870bbccbbd57115c84bd",
                        "size": 61312,
                        "url": "https://github.com/EMue/lwjgl3-release/raw/3.2.4-preview-ppc64le_64kpages/lwjgl/lwjgl-natives-linux-ppc64le.jar"
                    }
                }
            },
            "name": "org.lwjgl:lwjgl:3.2.4",
            "natives": {
                "linux-ppc64le": "natives-linux",
                "linux": "natives-linux"
            }
        }
    ],
    "name": "LWJGL 3",
    "releaseTime": "2019-06-24T12:52:52+00:00",
    "type": "nightly",
    "uid": "org.lwjgl3",
    "version": "3.2.4",
    "volatile": true
}
