{
    "formatVersion": 1,
    "libraries": [
        {
            "downloads": {
                "artifact": {
                    "sha1": "70973f8355267c9c209b41cb27e5055d0e1680ab",
                    "size": 111513,
                    "url": "https://github.com/EMue/lwjgl3-release/raw/3.2.4-preview-ppc64le/lwjgl-glfw/lwjgl-glfw.jar"
                }
            },
            "name": "org.lwjgl:lwjgl-glfw:3.2.4"
        },
        {
            "downloads": {
                "artifact": {
                    "sha1": "70973f8355267c9c209b41cb27e5055d0e1680ab",
                    "size": 111513,
                    "url": "https://github.com/EMue/lwjgl3-release/raw/3.2.4-preview-ppc64le/lwjgl-glfw/lwjgl-glfw.jar"
                },
                "classifiers": {
                    "natives-linux": {
                        "sha1": "cc42f9c77304447568eea9c0e381129c33680d8b",
                        "size": 158130,
                        "url": "https://github.com/EMue/lwjgl3-release/raw/3.2.4-preview-ppc64le/lwjgl-glfw/lwjgl-glfw-natives-linux-ppc64le.jar"
                    }
                }
            },
            "name": "org.lwjgl:lwjgl-glfw:3.2.4",
            "natives": {
                "linux": "natives-linux"
            }
        },
        {
            "downloads": {
                "artifact": {
                    "sha1": "8d1c59377f074b4500d114b166cf415ec956e5ef",
                    "size": 34188,
                    "url": "https://github.com/EMue/lwjgl3-release/raw/3.2.4-preview-ppc64le/lwjgl-jemalloc/lwjgl-jemalloc.jar"
                }
            },
            "name": "org.lwjgl:lwjgl-jemalloc:3.2.4"
        },
        {
            "downloads": {
                "artifact": {
                    "sha1": "8d1c59377f074b4500d114b166cf415ec956e5ef",
                    "size": 34188,
                    "url": "https://github.com/EMue/lwjgl3-release/raw/3.2.4-preview-ppc64le/lwjgl-jemalloc/lwjgl-jemalloc.jar"
                },
                "classifiers": {
                    "natives-linux": {
                        "sha1": "ea4d6a4c283d66d6af94e099a187a963e4c687d4",
                        "size": 171785,
                        "url": "https://github.com/EMue/lwjgl3-release/raw/3.2.4-preview-ppc64le/lwjgl-jemalloc/lwjgl-jemalloc-natives-linux-ppc64le.jar"
                    }
                }
            },
            "name": "org.lwjgl:lwjgl-jemalloc:3.2.4",
            "natives": {
                "linux": "natives-linux"
            }
        },
        {
            "downloads": {
                "artifact": {
                    "sha1": "068a85b898e5e4502b4cc8c4ae25f645cc59de00",
                    "size": 84828,
                    "url": "https://github.com/EMue/lwjgl3-release/raw/3.2.4-preview-ppc64le/lwjgl-openal/lwjgl-openal.jar"
                }
            },
            "name": "org.lwjgl:lwjgl-openal:3.2.4"
        },
        {
            "downloads": {
                "artifact": {
                    "sha1": "068a85b898e5e4502b4cc8c4ae25f645cc59de00",
                    "size": 84828,
                    "url": "https://github.com/EMue/lwjgl3-release/raw/3.2.4-preview-ppc64le/lwjgl-openal/lwjgl-openal.jar"
                },
                "classifiers": {
                    "natives-linux": {
                        "sha1": "bb061eca071e5607fe276f79d85982663875672f",
                        "size": 800966,
                        "url": "https://github.com/EMue/lwjgl3-release/raw/3.2.4-preview-ppc64le/lwjgl-openal/lwjgl-openal-natives-linux-ppc64le.jar"
                    }
                }
            },
            "name": "org.lwjgl:lwjgl-openal:3.2.4",
            "natives": {
                "linux": "natives-linux"
            }
        },
        {
            "downloads": {
                "artifact": {
                    "sha1": "7fa9d6b465cd094740f5b7a062903456858945ae",
                    "size": 936599,
                    "url": "https://github.com/EMue/lwjgl3-release/raw/3.2.4-preview-ppc64le/lwjgl-opengl/lwjgl-opengl.jar"
                }
            },
            "name": "org.lwjgl:lwjgl-opengl:3.2.4"
        },
        {
            "downloads": {
                "artifact": {
                    "sha1": "7fa9d6b465cd094740f5b7a062903456858945ae",
                    "size": 936599,
                    "url": "https://github.com/EMue/lwjgl3-release/raw/3.2.4-preview-ppc64le/lwjgl-opengl/lwjgl-opengl.jar"
                },
                "classifiers": {
                    "natives-linux": {
                        "sha1": "fe30f5ef716b99f77a277a2020932e5709f896de",
                        "size": 65347,
                        "url": "https://github.com/EMue/lwjgl3-release/raw/3.2.4-preview-ppc64le/lwjgl-opengl/lwjgl-opengl-natives-linux-ppc64le.jar"
                    }
                }
            },
            "name": "org.lwjgl:lwjgl-opengl:3.2.4",
            "natives": {
                "linux": "natives-linux"
            }
        },
        {
            "downloads": {
                "artifact": {
                    "sha1": "0a4cb650e894058e129481f63b99efaae91806db",
                    "size": 103854,
                    "url": "https://github.com/EMue/lwjgl3-release/raw/3.2.4-preview-ppc64le/lwjgl-stb/lwjgl-stb.jar"
                }
            },
            "name": "org.lwjgl:lwjgl-stb:3.2.4"
        },
        {
            "downloads": {
                "artifact": {
                    "sha1": "0a4cb650e894058e129481f63b99efaae91806db",
                    "size": 103854,
                    "url": "https://github.com/EMue/lwjgl3-release/raw/3.2.4-preview-ppc64le/lwjgl-stb/lwjgl-stb.jar"
                },
                "classifiers": {
                    "natives-linux": {
                        "sha1": "7938f20807bff41bcc4faaf011ba1f37f40179b0",
                        "size": 235278,
                        "url": "https://github.com/EMue/lwjgl3-release/raw/3.2.4-preview-ppc64le/lwjgl-stb/lwjgl-stb-natives-linux-ppc64le.jar"
                    }
                }
            },
            "name": "org.lwjgl:lwjgl-stb:3.2.4",
            "natives": {
                "linux": "natives-linux"
            }
        },
        {
            "downloads": {
                "artifact": {
                    "sha1": "882445b0f8a8c0e5ff1021812377c4ca4803e8d2",
                    "size": 6388,
                    "url": "https://github.com/EMue/lwjgl3-release/raw/3.2.4-preview-ppc64le/lwjgl-tinyfd/lwjgl-tinyfd.jar"
                }
            },
            "name": "org.lwjgl:lwjgl-tinyfd:3.2.4"
        },
        {
            "downloads": {
                "artifact": {
                    "sha1": "882445b0f8a8c0e5ff1021812377c4ca4803e8d2",
                    "size": 6388,
                    "url": "https://github.com/EMue/lwjgl3-release/raw/3.2.4-preview-ppc64le/lwjgl-tinyfd/lwjgl-tinyfd.jar"
                },
                "classifiers": {
                    "javadoc": {
                        "sha1": "b35ae75f537c1abaa2261be75120a4afc2700e70",
                        "size": 401115,
                        "url": "https://github.com/EMue/lwjgl3-release/raw/3.2.4-preview-ppc64le/lwjgl-tinyfd/lwjgl-tinyfd-javadoc.jar"
                    },
                    "natives-linux": {
                        "sha1": "e03e91cbd1333adfd31c8028877f6309d12ec253",
                        "size": 43841,
                        "url": "https://github.com/EMue/lwjgl3-release/raw/3.2.4-preview-ppc64le/lwjgl-tinyfd/lwjgl-tinyfd-natives-linux-ppc64le.jar"
                    },
                    "sources": {
                        "sha1": "8b7ad5152a22b3fba985f736d727b9d1ba235959",
                        "size": 5038,
                        "url": "https://github.com/EMue/lwjgl3-release/raw/3.2.4-preview-ppc64le/lwjgl-tinyfd/lwjgl-tinyfd-sources.jar"
                    }
                }
            },
            "name": "org.lwjgl:lwjgl-tinyfd:3.2.4",
            "natives": {
                "linux": "natives-linux"
            }
        },
        {
            "downloads": {
                "artifact": {
                    "sha1": "9f185c965e080906d58e52856992fc2b55775516",
                    "size": 553164,
                    "url": "https://github.com/EMue/lwjgl3-release/raw/3.2.4-preview-ppc64le/lwjgl/lwjgl.jar"
                }
            },
            "name": "org.lwjgl:lwjgl:3.2.4"
        },
        {
            "downloads": {
                "artifact": {
                    "sha1": "9f185c965e080906d58e52856992fc2b55775516",
                    "size": 553164,
                    "url": "https://github.com/EMue/lwjgl3-release/raw/3.2.4-preview-ppc64le/lwjgl/lwjgl.jar"
                },
                "classifiers": {
                    "natives-linux": {
                        "sha1": "71755658142d2433dcabbe6df8d80f9ece62f544",
                        "size": 61311,
                        "url": "https://github.com/EMue/lwjgl3-release/raw/3.2.4-preview-ppc64le/lwjgl/lwjgl-natives-linux-ppc64le.jar"
                    }
                }
            },
            "name": "org.lwjgl:lwjgl:3.2.4",
            "natives": {
                "linux": "natives-linux"
            }
        }
    ],
    "name": "LWJGL 3",
    "releaseTime": "2019-06-24T12:52:52+00:00",
    "type": "nightly",
    "uid": "org.lwjgl3",
    "version": "3.2.4",
    "volatile": true
}